{"cameraMode":{"drawMode":0,"name":"Shaded","section":"Shading Mode"},"sceneLighting":false,"audioPlay":false,"sceneViewState":{"m_AlwaysRefresh":true,"showFog":true,"showSkybox":false,"showFlares":true,"showImageEffects":true,"showParticleSystems":true,"showVisualEffectGraphs":true,"m_FxEnabled":true},"in2DMode":false,"pivot":{"x":-0.0029100000392645599,"y":-0.010459999553859234,"z":-0.002101801335811615},"rotation":{"x":-0.03031303733587265,"y":-0.014047637581825257,"z":0.00033919874113053083,"w":-0.9997102618217468},"size":0.0015799090033397079,"orthographic":false}